{
  "losses": [
    0.0035463561612711636,
    0.0021142447598023477,
    0.0011499236219061548,
    0.0006007326820205854,
    0.0003517476501025752
  ],
  "metrics": {
    "both": {
      "optimistic": {
        "adjusted_arithmetic_mean_rank": 0.137890655464929,
        "adjusted_arithmetic_mean_rank_index": 0.8622301783607996,
        "adjusted_hits_at_k": 0.20770709606805873,
        "adjusted_inverse_harmonic_mean_rank": 0.10812915945390585,
        "arithmetic_mean_rank": 983.9420686955671,
        "count": 40876.0,
        "geometric_mean_rank": 113.67143653517095,
        "harmonic_mean_rank": 9.194155570459278,
        "hits_at_1": 0.05788237596633722,
        "hits_at_10": 0.2082640180056757,
        "hits_at_3": 0.11449261180154614,
        "hits_at_5": 0.14879146687542813,
        "inverse_arithmetic_mean_rank": 0.0010163199966901724,
        "inverse_geometric_mean_rank": 0.008797284792742027,
        "inverse_harmonic_mean_rank": 0.10876474651059735,
        "inverse_median_rank": 0.007633587786259542,
        "median_absolute_deviation": 191.25568618722266,
        "median_rank": 131.0,
        "standard_deviation": 1967.468213795882,
        "variance": 3870931.1722971587,
        "z_arithmetic_mean_rank": 301.5507792137733,
        "z_hits_at_k": 1583.3581475055214,
        "z_inverse_harmonic_mean_rank": 2036.137502278654
      },
      "pessimistic": {
        "adjusted_arithmetic_mean_rank": 0.13789080288797215,
        "adjusted_arithmetic_mean_rank_index": 0.8622300309170936,
        "adjusted_hits_at_k": 0.20770709606805873,
        "adjusted_inverse_harmonic_mean_rank": 0.10812904246217897,
        "arithmetic_mean_rank": 983.9431206575986,
        "count": 40876.0,
        "geometric_mean_rank": 113.6716788404191,
        "harmonic_mean_rank": 9.194165453024889,
        "hits_at_1": 0.05788237596633722,
        "hits_at_10": 0.2082640180056757,
        "hits_at_3": 0.11449261180154614,
        "hits_at_5": 0.14879146687542813,
        "inverse_arithmetic_mean_rank": 0.0010163189101130867,
        "inverse_geometric_mean_rank": 0.008797266040240996,
        "inverse_harmonic_mean_rank": 0.108764629602244,
        "inverse_median_rank": 0.007633587786259542,
        "median_absolute_deviation": 191.25568618722266,
        "median_rank": 131.0,
        "standard_deviation": 1967.4700901538883,
        "variance": 3870938.55565015,
        "z_arithmetic_mean_rank": 301.5507276477697,
        "z_hits_at_k": 1583.3581475055214,
        "z_inverse_harmonic_mean_rank": 2036.1352992536442
      },
      "realistic": {
        "adjusted_arithmetic_mean_rank": 0.13789072514618878,
        "adjusted_arithmetic_mean_rank_index": 0.8622301086697733,
        "adjusted_hits_at_k": 0.20770709606805873,
        "adjusted_inverse_harmonic_mean_rank": 0.10812909894789594,
        "arithmetic_mean_rank": 983.9425659179688,
        "count": 40876.0,
        "geometric_mean_rank": 113.6715316772461,
        "harmonic_mean_rank": 9.194160831495909,
        "hits_at_1": 0.05788237596633722,
        "hits_at_10": 0.2082640180056757,
        "hits_at_3": 0.11449261180154614,
        "hits_at_5": 0.14879146687542813,
        "inverse_arithmetic_mean_rank": 0.0010163194965571165,
        "inverse_geometric_mean_rank": 0.008797277696430683,
        "inverse_harmonic_mean_rank": 0.10876468604770673,
        "inverse_median_rank": 0.007633587811142206,
        "median_absolute_deviation": 191.25568618722266,
        "median_rank": 131.0,
        "standard_deviation": 1967.46923828125,
        "variance": 3870935.25,
        "z_arithmetic_mean_rank": 301.5507548404866,
        "z_hits_at_k": 1583.3581475055214,
        "z_inverse_harmonic_mean_rank": 2036.1363629138748
      }
    },
    "head": {
      "optimistic": {
        "adjusted_arithmetic_mean_rank": 0.16402260953458733,
        "adjusted_arithmetic_mean_rank_index": 0.8360962108702228,
        "adjusted_hits_at_k": 0.11865774192027886,
        "adjusted_inverse_harmonic_mean_rank": 0.05793916305565814,
        "arithmetic_mean_rank": 1154.1677757119091,
        "count": 20438.0,
        "geometric_mean_rank": 207.51464965084384,
        "harmonic_mean_rank": 17.058874924239916,
        "hits_at_1": 0.025491731089147665,
        "hits_at_10": 0.11928760152656816,
        "hits_at_3": 0.055827380369899204,
        "hits_at_5": 0.07897054506311772,
        "inverse_arithmetic_mean_rank": 0.0008664251602269731,
        "inverse_geometric_mean_rank": 0.004818936887986278,
        "inverse_harmonic_mean_rank": 0.05862051304327484,
        "inverse_median_rank": 0.003676470588235294,
        "median_absolute_deviation": 391.4069856854789,
        "median_rank": 272.0,
        "standard_deviation": 2038.8900061486324,
        "variance": 4157072.4571727705,
        "z_arithmetic_mean_rank": 206.54603913080174,
        "z_hits_at_k": 634.3245942207745,
        "z_inverse_harmonic_mean_rank": 765.1326706229223
      },
      "pessimistic": {
        "adjusted_arithmetic_mean_rank": 0.1640227972760261,
        "adjusted_arithmetic_mean_rank_index": 0.8360960231020997,
        "adjusted_hits_at_k": 0.11865774192027886,
        "adjusted_inverse_harmonic_mean_rank": 0.057939162435435745,
        "arithmetic_mean_rank": 1154.1690967805068,
        "count": 20438.0,
        "geometric_mean_rank": 207.51478408071378,
        "harmonic_mean_rank": 17.058875104597327,
        "hits_at_1": 0.025491731089147665,
        "hits_at_10": 0.11928760152656816,
        "hits_at_3": 0.055827380369899204,
        "hits_at_5": 0.07897054506311772,
        "inverse_arithmetic_mean_rank": 0.0008664241685117429,
        "inverse_geometric_mean_rank": 0.004818933766237328,
        "inverse_harmonic_mean_rank": 0.058620512423501026,
        "inverse_median_rank": 0.003676470588235294,
        "median_absolute_deviation": 391.4069856854789,
        "median_rank": 272.0,
        "standard_deviation": 2038.8918302762302,
        "variance": 4157079.895567156,
        "z_arithmetic_mean_rank": 206.54599274527627,
        "z_hits_at_k": 634.3245942207745,
        "z_inverse_harmonic_mean_rank": 765.132662432393
      },
      "realistic": {
        "adjusted_arithmetic_mean_rank": 0.16402270635913796,
        "adjusted_arithmetic_mean_rank_index": 0.8360961140319102,
        "adjusted_hits_at_k": 0.11865774192027886,
        "adjusted_inverse_harmonic_mean_rank": 0.057939162745310024,
        "arithmetic_mean_rank": 1154.16845703125,
        "count": 20438.0,
        "geometric_mean_rank": 207.51470947265625,
        "harmonic_mean_rank": 17.058874725017656,
        "hits_at_1": 0.025491731089147665,
        "hits_at_10": 0.11928760152656816,
        "hits_at_3": 0.055827380369899204,
        "hits_at_5": 0.07897054506311772,
        "inverse_arithmetic_mean_rank": 0.000866424641571939,
        "inverse_geometric_mean_rank": 0.004818935412913561,
        "inverse_harmonic_mean_rank": 0.058620512733151185,
        "inverse_median_rank": 0.0036764706019312143,
        "median_absolute_deviation": 391.4069856854789,
        "median_rank": 272.0,
        "standard_deviation": 2038.890869140625,
        "variance": 4157076.0,
        "z_arithmetic_mean_rank": 206.546015208232,
        "z_hits_at_k": 634.3245942207745,
        "z_inverse_harmonic_mean_rank": 765.132666524529
      }
    },
    "tail": {
      "optimistic": {
        "adjusted_arithmetic_mean_rank": 0.11247410483572606,
        "adjusted_arithmetic_mean_rank_index": 0.8876485883840357,
        "adjusted_hits_at_k": 0.29675435874915373,
        "adjusted_inverse_harmonic_mean_rank": 0.15831809006913583,
        "arithmetic_mean_rank": 813.716361679225,
        "count": 20438.0,
        "geometric_mean_rank": 62.266425554581936,
        "harmonic_mean_rank": 6.292910571441265,
        "hits_at_1": 0.09027302084352676,
        "hits_at_10": 0.29724043448478327,
        "hits_at_3": 0.17315784323319308,
        "hits_at_5": 0.21861238868773852,